{"cameraMode":{"drawMode":0,"name":"Shaded","section":"Shading Mode"},"sceneLighting":true,"audioPlay":false,"sceneViewState":{"m_AlwaysRefresh":false,"showFog":true,"showSkybox":true,"showFlares":true,"showImageEffects":true,"showParticleSystems":true,"showVisualEffectGraphs":true,"m_FxEnabled":true},"in2DMode":false,"pivot":{"x":1.7198632955551148,"y":0.7088456153869629,"z":1.744865894317627},"rotation":{"x":0.07307031750679016,"y":-0.8934777975082398,"z":0.1572924256324768,"w":0.4145831763744354},"size":1.1596870422363282,"orthographic":false}